[{"model": "admin.logentry", "pk": 1, "fields": {"action_time": "2021-03-12T17:50:38.896Z", "user": 1, "content_type": 7, "object_id": "1", "object_repr": "Кривой Рог - Киев | 2021-03-17, 12:00:00 | Autocare", "action_flag": 1, "change_message": "[{\"added\": {}}]"}}, {"model": "admin.logentry", "pk": 2, "fields": {"action_time": "2021-03-12T19:13:31.475Z", "user": 1, "content_type": 7, "object_id": "2", "object_repr": "Киев - Кривой Рог | 2021-03-31, 18:00:00 | Мерседес Вито 318", "action_flag": 1, "change_message": "[{\"added\": {}}]"}}, {"model": "admin.logentry", "pk": 3, "fields": {"action_time": "2021-03-12T19:14:13.001Z", "user": 1, "content_type": 7, "object_id": "3", "object_repr": "Одесса - Киев | 2021-03-12, 19:00:00 | Газель", "action_flag": 1, "change_message": "[{\"added\": {}}]"}}, {"model": "admin.logentry", "pk": 4, "fields": {"action_time": "2021-03-12T19:15:09.690Z", "user": 1, "content_type": 7, "object_id": "4", "object_repr": "Львов - Харьков | 2021-03-20, 07:00:00 | Неоплан", "action_flag": 1, "change_message": "[{\"added\": {}}]"}}, {"model": "admin.logentry", "pk": 5, "fields": {"action_time": "2021-03-12T19:24:45.732Z", "user": 1, "content_type": 7, "object_id": "4", "object_repr": "Львов - Харьков | 2021-03-20, 07:00:00 | Неоплан", "action_flag": 2, "change_message": "[{\"changed\": {\"fields\": [\"\\u041a\\u043e\\u043b\\u0438\\u0447\\u0435\\u0441\\u0442\\u0432\\u043e \\u043c\\u0435\\u0441\\u0442\"]}}]"}}, {"model": "admin.logentry", "pk": 6, "fields": {"action_time": "2021-03-12T19:27:37.092Z", "user": 1, "content_type": 7, "object_id": "4", "object_repr": "Львов - Харьков | 2021-03-20, 07:00:00 | Неоплан", "action_flag": 2, "change_message": "[]"}}, {"model": "admin.logentry", "pk": 7, "fields": {"action_time": "2021-03-12T19:27:43.936Z", "user": 1, "content_type": 7, "object_id": "1", "object_repr": "Кривой Рог - Киев | 2021-03-17, 12:00:00 | Mercedes-Benz Sprinter 240D", "action_flag": 2, "change_message": "[{\"changed\": {\"fields\": [\"\\u041a\\u043e\\u043b\\u0438\\u0447\\u0435\\u0441\\u0442\\u0432\\u043e \\u043e\\u0441\\u0442\\u0430\\u0432\\u0448\\u0438\\u0445\\u0441\\u044f \\u043c\\u0435\\u0441\\u0442\"]}}]"}}, {"model": "admin.logentry", "pk": 8, "fields": {"action_time": "2021-03-12T19:27:55.459Z", "user": 1, "content_type": 7, "object_id": "1", "object_repr": "Кривой Рог - Киев | 2021-03-17, 12:00:00 | Mercedes-Benz Sprinter 240D", "action_flag": 2, "change_message": "[{\"changed\": {\"fields\": [\"\\u041a\\u043e\\u043b\\u0438\\u0447\\u0435\\u0441\\u0442\\u0432\\u043e \\u043e\\u0441\\u0442\\u0430\\u0432\\u0448\\u0438\\u0445\\u0441\\u044f \\u043c\\u0435\\u0441\\u0442\", \"\\u0410\\u043a\\u0442\\u0438\\u0432\\u043d\\u0430\"]}}]"}}, {"model": "admin.logentry", "pk": 9, "fields": {"action_time": "2021-03-12T19:28:02.313Z", "user": 1, "content_type": 7, "object_id": "2", "object_repr": "Киев - Кривой Рог | 2021-03-31, 18:00:00 | Мерседес Вито 318", "action_flag": 2, "change_message": "[{\"changed\": {\"fields\": [\"\\u041a\\u043e\\u043b\\u0438\\u0447\\u0435\\u0441\\u0442\\u0432\\u043e \\u043e\\u0441\\u0442\\u0430\\u0432\\u0448\\u0438\\u0445\\u0441\\u044f \\u043c\\u0435\\u0441\\u0442\"]}}]"}}, {"model": "admin.logentry", "pk": 10, "fields": {"action_time": "2021-03-12T19:28:07.065Z", "user": 1, "content_type": 7, "object_id": "3", "object_repr": "Одесса - Киев | 2021-03-12, 19:00:00 | Газель", "action_flag": 2, "change_message": "[]"}}, {"model": "admin.logentry", "pk": 11, "fields": {"action_time": "2021-03-12T19:30:12.951Z", "user": 1, "content_type": 7, "object_id": "5", "object_repr": "Суммы - Винница | 2021-04-03, 00:00:00 | Маршрутка", "action_flag": 1, "change_message": "[{\"added\": {}}]"}}, {"model": "admin.logentry", "pk": 12, "fields": {"action_time": "2021-03-12T19:30:28.912Z", "user": 1, "content_type": 7, "object_id": "5", "object_repr": "Суммы - Винница | 2021-04-03, 00:00:00 | Маршрутка", "action_flag": 2, "change_message": "[{\"changed\": {\"fields\": [\"\\u041a\\u043e\\u043b\\u0438\\u0447\\u0435\\u0441\\u0442\\u0432\\u043e \\u043e\\u0441\\u0442\\u0430\\u0432\\u0448\\u0438\\u0445\\u0441\\u044f \\u043c\\u0435\\u0441\\u0442\"]}}]"}}, {"model": "admin.logentry", "pk": 13, "fields": {"action_time": "2021-03-12T19:31:15.046Z", "user": 1, "content_type": 7, "object_id": "5", "object_repr": "Суммы - Винница | 2021-04-03, 00:00:00 | Маршрутка", "action_flag": 2, "change_message": "[]"}}, {"model": "admin.logentry", "pk": 14, "fields": {"action_time": "2021-03-12T19:32:14.177Z", "user": 1, "content_type": 7, "object_id": "6", "object_repr": "Крым - Харьков | 2021-03-28, 01:00:00 | Автобус", "action_flag": 1, "change_message": "[{\"added\": {}}]"}}, {"model": "admin.logentry", "pk": 15, "fields": {"action_time": "2021-03-12T19:34:02.362Z", "user": 1, "content_type": 7, "object_id": "6", "object_repr": "Крым - Харьков | 2021-03-28, 01:00:00 | Автобус", "action_flag": 2, "change_message": "[{\"changed\": {\"fields\": [\"\\u041f\\u0435\\u0440\\u0435\\u0432\\u043e\\u0437\\u0447\\u0438\\u043a\"]}}]"}}, {"model": "admin.logentry", "pk": 16, "fields": {"action_time": "2021-03-12T21:06:45.833Z", "user": 1, "content_type": 4, "object_id": "2", "object_repr": "test", "action_flag": 1, "change_message": "[{\"added\": {}}]"}}, {"model": "admin.logentry", "pk": 17, "fields": {"action_time": "2021-03-12T21:08:42.371Z", "user": 1, "content_type": 4, "object_id": "2", "object_repr": "test", "action_flag": 2, "change_message": "[{\"changed\": {\"fields\": [\"First name\", \"Last name\", \"Email address\"]}}]"}}, {"model": "admin.logentry", "pk": 18, "fields": {"action_time": "2021-03-12T21:10:52.011Z", "user": 1, "content_type": 8, "object_id": "1", "object_repr": "Покупатель: Влад Карпенко", "action_flag": 1, "change_message": "[{\"added\": {}}]"}}, {"model": "admin.logentry", "pk": 19, "fields": {"action_time": "2021-03-13T11:00:59.322Z", "user": 1, "content_type": 12, "object_id": "1", "object_repr": "Киев", "action_flag": 1, "change_message": "[{\"added\": {}}]"}}, {"model": "admin.logentry", "pk": 20, "fields": {"action_time": "2021-03-13T11:01:08.326Z", "user": 1, "content_type": 12, "object_id": "2", "object_repr": "Кривой Рог", "action_flag": 1, "change_message": "[{\"added\": {}}]"}}, {"model": "admin.logentry", "pk": 21, "fields": {"action_time": "2021-03-13T11:01:11.114Z", "user": 1, "content_type": 12, "object_id": "3", "object_repr": "Харьков", "action_flag": 1, "change_message": "[{\"added\": {}}]"}}, {"model": "admin.logentry", "pk": 22, "fields": {"action_time": "2021-03-13T11:01:20.425Z", "user": 1, "content_type": 12, "object_id": "4", "object_repr": "Одесса", "action_flag": 1, "change_message": "[{\"added\": {}}]"}}, {"model": "admin.logentry", "pk": 23, "fields": {"action_time": "2021-03-13T11:01:27.608Z", "user": 1, "content_type": 12, "object_id": "5", "object_repr": "Донецк", "action_flag": 1, "change_message": "[{\"added\": {}}]"}}, {"model": "admin.logentry", "pk": 24, "fields": {"action_time": "2021-03-13T11:01:36.502Z", "user": 1, "content_type": 12, "object_id": "6", "object_repr": "Днепр", "action_flag": 1, "change_message": "[{\"added\": {}}]"}}, {"model": "admin.logentry", "pk": 25, "fields": {"action_time": "2021-03-13T11:01:43.380Z", "user": 1, "content_type": 12, "object_id": "7", "object_repr": "Днепродзержинск", "action_flag": 1, "change_message": "[{\"added\": {}}]"}}, {"model": "admin.logentry", "pk": 26, "fields": {"action_time": "2021-03-13T11:01:49.884Z", "user": 1, "content_type": 12, "object_id": "8", "object_repr": "Львов", "action_flag": 1, "change_message": "[{\"added\": {}}]"}}, {"model": "admin.logentry", "pk": 27, "fields": {"action_time": "2021-03-13T11:01:54.869Z", "user": 1, "content_type": 12, "object_id": "9", "object_repr": "Мукачево", "action_flag": 1, "change_message": "[{\"added\": {}}]"}}, {"model": "admin.logentry", "pk": 28, "fields": {"action_time": "2021-03-13T11:01:59.155Z", "user": 1, "content_type": 12, "object_id": "10", "object_repr": "Макарты", "action_flag": 1, "change_message": "[{\"added\": {}}]"}}, {"model": "admin.logentry", "pk": 29, "fields": {"action_time": "2021-03-13T11:02:06.855Z", "user": 1, "content_type": 12, "object_id": "11", "object_repr": "Ифано-Франковск", "action_flag": 1, "change_message": "[{\"added\": {}}]"}}, {"model": "admin.logentry", "pk": 30, "fields": {"action_time": "2021-03-13T11:02:22.170Z", "user": 1, "content_type": 12, "object_id": "12", "object_repr": "Борисполь", "action_flag": 1, "change_message": "[{\"added\": {}}]"}}, {"model": "admin.logentry", "pk": 31, "fields": {"action_time": "2021-03-13T11:03:10.620Z", "user": 1, "content_type": 11, "object_id": "1", "object_repr": "Киев", "action_flag": 1, "change_message": "[{\"added\": {}}]"}}, {"model": "admin.logentry", "pk": 32, "fields": {"action_time": "2021-03-13T11:03:15.324Z", "user": 1, "content_type": 11, "object_id": "2", "object_repr": "Кривой Рог", "action_flag": 1, "change_message": "[{\"added\": {}}]"}}, {"model": "admin.logentry", "pk": 33, "fields": {"action_time": "2021-03-13T11:03:24.107Z", "user": 1, "content_type": 11, "object_id": "3", "object_repr": "Харьков", "action_flag": 1, "change_message": "[{\"added\": {}}]"}}, {"model": "admin.logentry", "pk": 34, "fields": {"action_time": "2021-03-13T11:03:29.275Z", "user": 1, "content_type": 11, "object_id": "4", "object_repr": "Одесса", "action_flag": 1, "change_message": "[{\"added\": {}}]"}}, {"model": "admin.logentry", "pk": 35, "fields": {"action_time": "2021-03-13T11:03:32.783Z", "user": 1, "content_type": 11, "object_id": "5", "object_repr": "Донецк", "action_flag": 1, "change_message": "[{\"added\": {}}]"}}, {"model": "admin.logentry", "pk": 36, "fields": {"action_time": "2021-03-13T11:03:37.724Z", "user": 1, "content_type": 11, "object_id": "6", "object_repr": "Днепр", "action_flag": 1, "change_message": "[{\"added\": {}}]"}}, {"model": "admin.logentry", "pk": 37, "fields": {"action_time": "2021-03-13T11:03:44.769Z", "user": 1, "content_type": 11, "object_id": "7", "object_repr": "Днепродзержинск", "action_flag": 1, "change_message": "[{\"added\": {}}]"}}, {"model": "admin.logentry", "pk": 38, "fields": {"action_time": "2021-03-13T11:03:49.966Z", "user": 1, "content_type": 11, "object_id": "8", "object_repr": "Львов", "action_flag": 1, "change_message": "[{\"added\": {}}]"}}, {"model": "admin.logentry", "pk": 39, "fields": {"action_time": "2021-03-13T11:03:55.070Z", "user": 1, "content_type": 11, "object_id": "9", "object_repr": "Мукачево", "action_flag": 1, "change_message": "[{\"added\": {}}]"}}, {"model": "admin.logentry", "pk": 40, "fields": {"action_time": "2021-03-13T11:04:01.939Z", "user": 1, "content_type": 11, "object_id": "10", "object_repr": "Ивано-Франковск", "action_flag": 1, "change_message": "[{\"added\": {}}]"}}, {"model": "admin.logentry", "pk": 41, "fields": {"action_time": "2021-03-13T11:04:08.591Z", "user": 1, "content_type": 11, "object_id": "11", "object_repr": "Макарты", "action_flag": 1, "change_message": "[{\"added\": {}}]"}}, {"model": "admin.logentry", "pk": 42, "fields": {"action_time": "2021-03-13T11:04:14.298Z", "user": 1, "content_type": 11, "object_id": "12", "object_repr": "Борисполь", "action_flag": 1, "change_message": "[{\"added\": {}}]"}}, {"model": "admin.logentry", "pk": 43, "fields": {"action_time": "2021-03-13T11:12:43.244Z", "user": 1, "content_type": 7, "object_id": "6", "object_repr": "Крым - Харьков | 2021-03-28, 01:00:00 | Автобус", "action_flag": 3, "change_message": ""}}, {"model": "admin.logentry", "pk": 44, "fields": {"action_time": "2021-03-13T11:12:43.349Z", "user": 1, "content_type": 7, "object_id": "5", "object_repr": "Суммы - Винница | 2021-04-03, 00:00:00 | Маршрутка", "action_flag": 3, "change_message": ""}}, {"model": "admin.logentry", "pk": 45, "fields": {"action_time": "2021-03-13T11:12:43.458Z", "user": 1, "content_type": 7, "object_id": "4", "object_repr": "Львов - Харьков | 2021-03-20, 07:00:00 | Неоплан", "action_flag": 3, "change_message": ""}}, {"model": "admin.logentry", "pk": 46, "fields": {"action_time": "2021-03-13T11:12:43.569Z", "user": 1, "content_type": 7, "object_id": "3", "object_repr": "Одесса - Киев | 2021-03-12, 19:00:00 | Газель", "action_flag": 3, "change_message": ""}}, {"model": "admin.logentry", "pk": 47, "fields": {"action_time": "2021-03-13T11:12:43.668Z", "user": 1, "content_type": 7, "object_id": "2", "object_repr": "Киев - Кривой Рог | 2021-03-31, 18:00:00 | Мерседес Вито 318", "action_flag": 3, "change_message": ""}}, {"model": "admin.logentry", "pk": 48, "fields": {"action_time": "2021-03-13T11:12:43.778Z", "user": 1, "content_type": 7, "object_id": "1", "object_repr": "Кривой Рог - Киев | 2021-03-17, 12:00:00 | Mercedes-Benz Sprinter 240D", "action_flag": 3, "change_message": ""}}, {"model": "admin.logentry", "pk": 49, "fields": {"action_time": "2021-03-13T11:12:54.947Z", "user": 1, "content_type": 8, "object_id": "1", "object_repr": "Покупатель: Влад Карпенко", "action_flag": 3, "change_message": ""}}, {"model": "admin.logentry", "pk": 50, "fields": {"action_time": "2021-03-13T11:14:10.450Z", "user": 1, "content_type": 7, "object_id": "1", "object_repr": "Киев - Ивано-Франковск | 2021-03-13, 11:13:49 | Автобус", "action_flag": 1, "change_message": "[{\"added\": {}}]"}}, {"model": "admin.logentry", "pk": 51, "fields": {"action_time": "2021-03-13T11:14:37.722Z", "user": 1, "content_type": 7, "object_id": "2", "object_repr": "Харьков - Одесса | 2021-03-31, 11:14:28 | фыв", "action_flag": 1, "change_message": "[{\"added\": {}}]"}}, {"model": "admin.logentry", "pk": 52, "fields": {"action_time": "2021-03-13T11:15:13.195Z", "user": 1, "content_type": 7, "object_id": "3", "object_repr": "Днепродзержинск - Кривой Рог | 2021-03-14, 18:00:00 | Микроавтобус", "action_flag": 1, "change_message": "[{\"added\": {}}]"}}, {"model": "admin.logentry", "pk": 53, "fields": {"action_time": "2021-03-13T11:15:46.761Z", "user": 1, "content_type": 7, "object_id": "4", "object_repr": "Одесса - Львов | 2021-03-18, 00:00:00 | фыв", "action_flag": 1, "change_message": "[{\"added\": {}}]"}}, {"model": "admin.logentry", "pk": 54, "fields": {"action_time": "2021-03-13T15:39:47.741Z", "user": 1, "content_type": 7, "object_id": "5", "object_repr": "Киев - Кривой Рог | 2021-03-13, 00:00:00 | Спринтер", "action_flag": 1, "change_message": "[{\"added\": {}}]"}}, {"model": "admin.logentry", "pk": 55, "fields": {"action_time": "2021-03-13T15:40:27.355Z", "user": 1, "content_type": 7, "object_id": "6", "object_repr": "Киев - Кривой Рог | 2021-03-13, 15:40:03 | Вито", "action_flag": 1, "change_message": "[{\"added\": {}}]"}}, {"model": "admin.logentry", "pk": 56, "fields": {"action_time": "2021-03-13T15:41:47.302Z", "user": 1, "content_type": 7, "object_id": "7", "object_repr": "Киев - Кривой Рог | 2021-03-13, 19:40:43 | Спринтер", "action_flag": 1, "change_message": "[{\"added\": {}}]"}}, {"model": "admin.logentry", "pk": 57, "fields": {"action_time": "2021-03-13T16:19:38.123Z", "user": 1, "content_type": 7, "object_id": "8", "object_repr": "Киев - Кривой Рог | 2021-03-31, 16:19:30 | Ы", "action_flag": 1, "change_message": "[{\"added\": {}}]"}}, {"model": "admin.logentry", "pk": 58, "fields": {"action_time": "2021-03-13T17:07:19.596Z", "user": 1, "content_type": 7, "object_id": "9", "object_repr": "Киев - Кривой Рог | 2021-03-13, 17:06:55 | Эталон", "action_flag": 1, "change_message": "[{\"added\": {}}]"}}, {"model": "admin.logentry", "pk": 59, "fields": {"action_time": "2021-03-13T20:47:41.672Z", "user": 1, "content_type": 7, "object_id": "9", "object_repr": "Киев - Кривой Рог | 2021-03-13, 17:06:55 | Эталон", "action_flag": 2, "change_message": "[{\"changed\": {\"fields\": [\"\\u0414\\u0430\\u0442\\u0430 \\u043f\\u0440\\u0438\\u0431\\u044b\\u0442\\u0438\\u044f\", \"\\u0412\\u0440\\u0435\\u043c\\u044f \\u043f\\u0440\\u0438\\u0431\\u044b\\u0442\\u0438\\u044f\"]}}]"}}, {"model": "admin.logentry", "pk": 60, "fields": {"action_time": "2021-03-13T20:48:05.945Z", "user": 1, "content_type": 7, "object_id": "7", "object_repr": "Киев - Кривой Рог | 2021-03-13, 19:40:43 | Спринтер", "action_flag": 2, "change_message": "[{\"changed\": {\"fields\": [\"\\u0414\\u0430\\u0442\\u0430 \\u043f\\u0440\\u0438\\u0431\\u044b\\u0442\\u0438\\u044f\"]}}]"}}, {"model": "admin.logentry", "pk": 61, "fields": {"action_time": "2021-03-13T20:48:21.203Z", "user": 1, "content_type": 7, "object_id": "6", "object_repr": "Киев - Кривой Рог | 2021-03-13, 15:40:03 | Вито", "action_flag": 2, "change_message": "[{\"changed\": {\"fields\": [\"\\u0414\\u0430\\u0442\\u0430 \\u043f\\u0440\\u0438\\u0431\\u044b\\u0442\\u0438\\u044f\", \"\\u0412\\u0440\\u0435\\u043c\\u044f \\u043f\\u0440\\u0438\\u0431\\u044b\\u0442\\u0438\\u044f\"]}}]"}}, {"model": "admin.logentry", "pk": 62, "fields": {"action_time": "2021-03-13T20:48:46.042Z", "user": 1, "content_type": 7, "object_id": "5", "object_repr": "Киев - Кривой Рог | 2021-03-13, 00:00:00 | Спринтер", "action_flag": 2, "change_message": "[]"}}, {"model": "admin.logentry", "pk": 63, "fields": {"action_time": "2021-03-14T17:22:21.521Z", "user": 1, "content_type": 7, "object_id": "5", "object_repr": "Киев - Кривой Рог | 2021-03-13, 00:00:00 | Спринтер", "action_flag": 2, "change_message": "[{\"changed\": {\"fields\": [\"\\u041a\\u043e\\u043b\\u0438\\u0447\\u0435\\u0441\\u0442\\u0432\\u043e \\u043e\\u0441\\u0442\\u0430\\u0432\\u0448\\u0438\\u0445\\u0441\\u044f \\u043c\\u0435\\u0441\\u0442\"]}}]"}}, {"model": "admin.logentry", "pk": 64, "fields": {"action_time": "2021-03-14T17:22:35.686Z", "user": 1, "content_type": 7, "object_id": "5", "object_repr": "Киев - Кривой Рог | 2021-03-13, 00:00:00 | Спринтер", "action_flag": 2, "change_message": "[{\"changed\": {\"fields\": [\"\\u041a\\u043e\\u043b\\u0438\\u0447\\u0435\\u0441\\u0442\\u0432\\u043e \\u043e\\u0441\\u0442\\u0430\\u0432\\u0448\\u0438\\u0445\\u0441\\u044f \\u043c\\u0435\\u0441\\u0442\"]}}]"}}, {"model": "admin.logentry", "pk": 65, "fields": {"action_time": "2021-03-14T17:23:53.926Z", "user": 1, "content_type": 7, "object_id": "5", "object_repr": "Киев - Кривой Рог | 2021-03-13, 00:00:00 | Спринтер", "action_flag": 2, "change_message": "[{\"changed\": {\"fields\": [\"\\u041a\\u043e\\u043b\\u0438\\u0447\\u0435\\u0441\\u0442\\u0432\\u043e \\u043e\\u0441\\u0442\\u0430\\u0432\\u0448\\u0438\\u0445\\u0441\\u044f \\u043c\\u0435\\u0441\\u0442\"]}}]"}}, {"model": "admin.logentry", "pk": 66, "fields": {"action_time": "2021-03-14T17:30:03.780Z", "user": 1, "content_type": 7, "object_id": "5", "object_repr": "Киев - Кривой Рог | 2021-03-13, 00:00:00 | Спринтер | Активна:True", "action_flag": 2, "change_message": "[{\"changed\": {\"fields\": [\"\\u0410\\u043a\\u0442\\u0438\\u0432\\u043d\\u0430\"]}}]"}}, {"model": "admin.logentry", "pk": 67, "fields": {"action_time": "2021-03-14T17:30:09.078Z", "user": 1, "content_type": 7, "object_id": "5", "object_repr": "Киев - Кривой Рог | 2021-03-13, 00:00:00 | Спринтер | Активна:True", "action_flag": 2, "change_message": "[{\"changed\": {\"fields\": [\"\\u041a\\u043e\\u043b\\u0438\\u0447\\u0435\\u0441\\u0442\\u0432\\u043e \\u043e\\u0441\\u0442\\u0430\\u0432\\u0448\\u0438\\u0445\\u0441\\u044f \\u043c\\u0435\\u0441\\u0442\"]}}]"}}, {"model": "admin.logentry", "pk": 68, "fields": {"action_time": "2021-03-14T17:30:58.408Z", "user": 1, "content_type": 7, "object_id": "5", "object_repr": "Киев - Кривой Рог | 2021-03-13, 00:00:00 | Спринтер | Активна:True", "action_flag": 2, "change_message": "[{\"changed\": {\"fields\": [\"\\u041a\\u043e\\u043b\\u0438\\u0447\\u0435\\u0441\\u0442\\u0432\\u043e \\u043e\\u0441\\u0442\\u0430\\u0432\\u0448\\u0438\\u0445\\u0441\\u044f \\u043c\\u0435\\u0441\\u0442\"]}}]"}}, {"model": "admin.logentry", "pk": 69, "fields": {"action_time": "2021-03-14T17:32:02.815Z", "user": 1, "content_type": 7, "object_id": "5", "object_repr": "Киев - Кривой Рог | 2021-03-13, 00:00:00 | Спринтер | Активна:True", "action_flag": 2, "change_message": "[]"}}, {"model": "admin.logentry", "pk": 70, "fields": {"action_time": "2021-03-14T17:32:08.011Z", "user": 1, "content_type": 7, "object_id": "5", "object_repr": "Киев - Кривой Рог | 2021-03-13, 00:00:00 | Спринтер | Активна:False", "action_flag": 2, "change_message": "[{\"changed\": {\"fields\": [\"\\u0410\\u043a\\u0442\\u0438\\u0432\\u043d\\u0430\"]}}]"}}, {"model": "admin.logentry", "pk": 71, "fields": {"action_time": "2021-03-14T17:32:14.502Z", "user": 1, "content_type": 7, "object_id": "5", "object_repr": "Киев - Кривой Рог | 2021-03-13, 00:00:00 | Спринтер | Активна:True", "action_flag": 2, "change_message": "[{\"changed\": {\"fields\": [\"\\u0410\\u043a\\u0442\\u0438\\u0432\\u043d\\u0430\"]}}]"}}, {"model": "admin.logentry", "pk": 72, "fields": {"action_time": "2021-03-14T17:32:19.836Z", "user": 1, "content_type": 7, "object_id": "5", "object_repr": "Киев - Кривой Рог | 2021-03-13, 00:00:00 | Спринтер | Активна:True", "action_flag": 2, "change_message": "[{\"changed\": {\"fields\": [\"\\u041a\\u043e\\u043b\\u0438\\u0447\\u0435\\u0441\\u0442\\u0432\\u043e \\u043e\\u0441\\u0442\\u0430\\u0432\\u0448\\u0438\\u0445\\u0441\\u044f \\u043c\\u0435\\u0441\\u0442\"]}}]"}}, {"model": "admin.logentry", "pk": 73, "fields": {"action_time": "2021-03-14T17:33:17.197Z", "user": 1, "content_type": 7, "object_id": "5", "object_repr": "Киев - Кривой Рог | 2021-03-13, 00:00:00 | Спринтер | Активна:True", "action_flag": 2, "change_message": "[{\"changed\": {\"fields\": [\"\\u041a\\u043e\\u043b\\u0438\\u0447\\u0435\\u0441\\u0442\\u0432\\u043e \\u043e\\u0441\\u0442\\u0430\\u0432\\u0448\\u0438\\u0445\\u0441\\u044f \\u043c\\u0435\\u0441\\u0442\"]}}]"}}, {"model": "admin.logentry", "pk": 74, "fields": {"action_time": "2021-03-14T17:35:44.973Z", "user": 1, "content_type": 7, "object_id": "5", "object_repr": "Киев - Кривой Рог | 2021-03-13, 00:00:00 | Спринтер | Активна:True", "action_flag": 2, "change_message": "[{\"changed\": {\"fields\": [\"\\u041a\\u043e\\u043b\\u0438\\u0447\\u0435\\u0441\\u0442\\u0432\\u043e \\u043e\\u0441\\u0442\\u0430\\u0432\\u0448\\u0438\\u0445\\u0441\\u044f \\u043c\\u0435\\u0441\\u0442\", \"\\u0410\\u043a\\u0442\\u0438\\u0432\\u043d\\u0430\"]}}]"}}, {"model": "admin.logentry", "pk": 75, "fields": {"action_time": "2021-03-14T17:43:15.226Z", "user": 1, "content_type": 13, "object_id": "23", "object_repr": "Заказ на поездку: Киев - Кривой Рог | 2021-03-13, 00:00:00 | Спринтер. Создан: 2021-03-14 17:43:15", "action_flag": 2, "change_message": "[]"}}, {"model": "admin.logentry", "pk": 76, "fields": {"action_time": "2021-03-14T19:44:24.208Z", "user": 1, "content_type": 7, "object_id": "5", "object_repr": "Киев - Кривой Рог | 2021-03-13, 00:00:00 | Спринтер | Активна:False", "action_flag": 2, "change_message": "[{\"changed\": {\"fields\": [\"\\u0410\\u043a\\u0442\\u0438\\u0432\\u043d\\u0430\"]}}]"}}, {"model": "admin.logentry", "pk": 77, "fields": {"action_time": "2021-03-14T19:48:41.583Z", "user": 1, "content_type": 7, "object_id": "5", "object_repr": "Киев - Кривой Рог | 2021-03-13, 00:00:00 | Спринтер | Активна:True", "action_flag": 2, "change_message": "[{\"changed\": {\"fields\": [\"\\u0410\\u043a\\u0442\\u0438\\u0432\\u043d\\u0430\"]}}]"}}, {"model": "admin.logentry", "pk": 78, "fields": {"action_time": "2021-03-14T20:23:52.154Z", "user": 1, "content_type": 7, "object_id": "10", "object_repr": "Борисполь - Киев | 2021-03-14, 23:59:00 | Автобус | Активна:True", "action_flag": 1, "change_message": "[{\"added\": {}}]"}}, {"model": "admin.logentry", "pk": 79, "fields": {"action_time": "2021-03-15T08:34:02.158Z", "user": 1, "content_type": 7, "object_id": "5", "object_repr": "Киев - Кривой Рог | 2021-03-13, 00:00:00 | Спринтер | Активна:True", "action_flag": 2, "change_message": "[{\"changed\": {\"fields\": [\"\\u041a\\u043e\\u043b\\u0438\\u0447\\u0435\\u0441\\u0442\\u0432\\u043e \\u043e\\u0441\\u0442\\u0430\\u0432\\u0448\\u0438\\u0445\\u0441\\u044f \\u043c\\u0435\\u0441\\u0442\"]}}]"}}, {"model": "admin.logentry", "pk": 80, "fields": {"action_time": "2021-03-15T08:34:37.594Z", "user": 1, "content_type": 7, "object_id": "5", "object_repr": "Киев - Кривой Рог | 2021-03-13, 00:00:00 | Спринтер | Активна:False", "action_flag": 2, "change_message": "[{\"changed\": {\"fields\": [\"\\u0410\\u043a\\u0442\\u0438\\u0432\\u043d\\u0430\"]}}]"}}, {"model": "admin.logentry", "pk": 81, "fields": {"action_time": "2021-03-15T08:43:58.310Z", "user": 1, "content_type": 7, "object_id": "6", "object_repr": "Киев - Кривой Рог | 2021-03-13, 15:40:03 | Вито | Активна:False", "action_flag": 2, "change_message": "[{\"changed\": {\"fields\": [\"\\u0410\\u043a\\u0442\\u0438\\u0432\\u043d\\u0430\"]}}]"}}, {"model": "admin.logentry", "pk": 82, "fields": {"action_time": "2021-03-15T08:44:15.272Z", "user": 1, "content_type": 7, "object_id": "6", "object_repr": "Киев - Кривой Рог | 2021-03-13, 15:40:03 | Вито | Активна:True", "action_flag": 2, "change_message": "[{\"changed\": {\"fields\": [\"\\u041a\\u043e\\u043b\\u0438\\u0447\\u0435\\u0441\\u0442\\u0432\\u043e \\u043e\\u0441\\u0442\\u0430\\u0432\\u0448\\u0438\\u0445\\u0441\\u044f \\u043c\\u0435\\u0441\\u0442\", \"\\u0410\\u043a\\u0442\\u0438\\u0432\\u043d\\u0430\"]}}]"}}, {"model": "admin.logentry", "pk": 83, "fields": {"action_time": "2021-03-15T08:44:27.368Z", "user": 1, "content_type": 7, "object_id": "6", "object_repr": "Киев - Кривой Рог | 2021-03-13, 15:40:03 | Вито | Активна:True", "action_flag": 2, "change_message": "[{\"changed\": {\"fields\": [\"\\u041a\\u043e\\u043b\\u0438\\u0447\\u0435\\u0441\\u0442\\u0432\\u043e \\u043e\\u0441\\u0442\\u0430\\u0432\\u0448\\u0438\\u0445\\u0441\\u044f \\u043c\\u0435\\u0441\\u0442\"]}}]"}}, {"model": "admin.logentry", "pk": 84, "fields": {"action_time": "2021-03-15T08:59:45.690Z", "user": 1, "content_type": 7, "object_id": "9", "object_repr": "Киев - Кривой Рог | 2021-03-13, 17:06:55 | Эталон | Активна:True", "action_flag": 2, "change_message": "[{\"changed\": {\"fields\": [\"\\u041a\\u043e\\u043b\\u0438\\u0447\\u0435\\u0441\\u0442\\u0432\\u043e \\u043e\\u0441\\u0442\\u0430\\u0432\\u0448\\u0438\\u0445\\u0441\\u044f \\u043c\\u0435\\u0441\\u0442\"]}}]"}}, {"model": "admin.logentry", "pk": 85, "fields": {"action_time": "2021-03-15T09:07:42.621Z", "user": 1, "content_type": 7, "object_id": "9", "object_repr": "Киев - Кривой Рог | 2021-03-13, 17:06:55 | Эталон | Активна:False", "action_flag": 2, "change_message": "[{\"changed\": {\"fields\": [\"\\u041a\\u043e\\u043b\\u0438\\u0447\\u0435\\u0441\\u0442\\u0432\\u043e \\u043e\\u0441\\u0442\\u0430\\u0432\\u0448\\u0438\\u0445\\u0441\\u044f \\u043c\\u0435\\u0441\\u0442\"]}}]"}}, {"model": "admin.logentry", "pk": 86, "fields": {"action_time": "2021-03-15T09:07:45.651Z", "user": 1, "content_type": 7, "object_id": "9", "object_repr": "Киев - Кривой Рог | 2021-03-13, 17:06:55 | Эталон | Активна:True", "action_flag": 2, "change_message": "[{\"changed\": {\"fields\": [\"\\u0410\\u043a\\u0442\\u0438\\u0432\\u043d\\u0430\"]}}]"}}, {"model": "admin.logentry", "pk": 87, "fields": {"action_time": "2021-03-15T09:08:01.253Z", "user": 1, "content_type": 7, "object_id": "9", "object_repr": "Киев - Кривой Рог | 2021-03-13, 17:06:55 | Эталон | Активна:True", "action_flag": 2, "change_message": "[{\"changed\": {\"fields\": [\"\\u041a\\u043e\\u043b\\u0438\\u0447\\u0435\\u0441\\u0442\\u0432\\u043e \\u043e\\u0441\\u0442\\u0430\\u0432\\u0448\\u0438\\u0445\\u0441\\u044f \\u043c\\u0435\\u0441\\u0442\", \"\\u0410\\u043a\\u0442\\u0438\\u0432\\u043d\\u0430\"]}}]"}}, {"model": "admin.logentry", "pk": 88, "fields": {"action_time": "2021-03-15T09:08:30.940Z", "user": 1, "content_type": 7, "object_id": "9", "object_repr": "Киев - Кривой Рог | 2021-03-13, 17:06:55 | Эталон | Активна:True", "action_flag": 2, "change_message": "[{\"changed\": {\"fields\": [\"\\u041a\\u043e\\u043b\\u0438\\u0447\\u0435\\u0441\\u0442\\u0432\\u043e \\u043e\\u0441\\u0442\\u0430\\u0432\\u0448\\u0438\\u0445\\u0441\\u044f \\u043c\\u0435\\u0441\\u0442\", \"\\u0410\\u043a\\u0442\\u0438\\u0432\\u043d\\u0430\"]}}]"}}, {"model": "admin.logentry", "pk": 89, "fields": {"action_time": "2021-03-15T20:13:28.452Z", "user": 1, "content_type": 7, "object_id": "11", "object_repr": "Борисполь - Борисполь | 2021-03-31, 23:59:00 | Mercedes-Benz Vito 240D | Активна:True", "action_flag": 1, "change_message": "[{\"added\": {}}]"}}, {"model": "auth.user", "pk": 1, "fields": {"password": "pbkdf2_sha256$216000$KCPMGgM9D05x$DsExb6s/xodFbWeRlTGlGWVtG7+vNNWTwU4cqFSRMrE=", "last_login": "2021-03-12T09:38:35.040Z", "is_superuser": true, "username": "administrator", "first_name": "", "last_name": "", "email": "", "is_staff": true, "is_active": true, "date_joined": "2021-03-11T19:25:20.039Z", "groups": [], "user_permissions": []}}, {"model": "auth.user", "pk": 2, "fields": {"password": "pbkdf2_sha256$216000$zNkQdykqsjeq$eEVDImBM8EAkDaLIstHk634HBzPm1vTEIwro4wqPdos=", "last_login": null, "is_superuser": false, "username": "test", "first_name": "Влад", "last_name": "Карпенко", "email": "vladium60@gmail.com", "is_staff": false, "is_active": true, "date_joined": "2021-03-12T21:06:45Z", "groups": [], "user_permissions": []}}, {"model": "sessions.session", "pk": "6locj8ru18o9fyjftq39oq6frkxqapl4", "fields": {"session_data": ".eJxVjDsOwjAQBe_iGlneBP8o6XMGa727xgGUSHFSIe4OkVJA-2bmvVTCba1pa7KkkdVFgTr9bhnpIdMO-I7TbdY0T-syZr0r-qBNDzPL83q4fwcVW_3WQTJ1CNSbc--B0FojuTjD1Ak7zzYK9wzFkTWMASCwzUFK9FgwAqn3BwBaOOk:1lKeFf:zT1ZpoqOeXznJJxvxamPvBpkNQAQ8ushFBheKiBfN-o", "expire_date": "2021-03-26T09:38:35.142Z"}}, {"model": "main.journey", "pk": 1, "fields": {"city_start_trip": 1, "city_end_trip": 10, "city_center_trip": "Сумы", "all_city_trip": "Все города поездки", "date_trip": "2021-03-13", "time_trip": "11:13:49", "date_trip_end": "2021-03-13", "time_trip_end": "22:47:03.175", "type_of_transport": "Autocare", "model_of_transport": "Автобус", "price": "1200.00", "qty_of_seats": "12", "active": true, "transfer": "Перевозчик"}}, {"model": "main.journey", "pk": 2, "fields": {"city_start_trip": 3, "city_end_trip": 4, "city_center_trip": "Кривой Рог", "all_city_trip": "Все города поездки", "date_trip": "2021-03-31", "time_trip": "11:14:28", "date_trip_end": "2021-03-13", "time_trip_end": "22:47:03.175", "type_of_transport": "Microbuze", "model_of_transport": "фыв", "price": "123123.00", "qty_of_seats": "12", "active": true, "transfer": "фывыыв"}}, {"model": "main.journey", "pk": 3, "fields": {"city_start_trip": 7, "city_end_trip": 2, "city_center_trip": "Софиевка", "all_city_trip": "Все города поездки", "date_trip": "2021-03-14", "time_trip": "18:00:00", "date_trip_end": "2021-03-13", "time_trip_end": "22:47:03.175", "type_of_transport": "Microbuze", "model_of_transport": "Микроавтобус", "price": "458.00", "qty_of_seats": "7", "active": true, "transfer": "фыв"}}, {"model": "main.journey", "pk": 4, "fields": {"city_start_trip": 4, "city_end_trip": 8, "city_center_trip": "Ивано-Франковск", "all_city_trip": "Все города поездки", "date_trip": "2021-03-18", "time_trip": "00:00:00", "date_trip_end": "2021-03-13", "time_trip_end": "22:47:03.175", "type_of_transport": "Autocare", "model_of_transport": "фыв", "price": "123.00", "qty_of_seats": "12", "active": true, "transfer": "фыв"}}, {"model": "main.journey", "pk": 5, "fields": {"city_start_trip": 1, "city_end_trip": 2, "city_center_trip": "Днепр", "all_city_trip": "Все города", "date_trip": "2021-03-13", "time_trip": "00:00:00", "date_trip_end": "2021-03-13", "time_trip_end": "22:47:03", "type_of_transport": "Autocare", "model_of_transport": "Спринтер", "price": "123.00", "qty_of_seats": "0", "active": false, "transfer": "КиевТранс"}}, {"model": "main.journey", "pk": 6, "fields": {"city_start_trip": 1, "city_end_trip": 2, "city_center_trip": "Днепр", "all_city_trip": "Все города", "date_trip": "2021-03-13", "time_trip": "15:40:03", "date_trip_end": "2021-03-14", "time_trip_end": "00:00:00", "type_of_transport": "Microbuze", "model_of_transport": "Вито", "price": "45.00", "qty_of_seats": "-2", "active": false, "transfer": "КиевТранс"}}, {"model": "main.journey", "pk": 7, "fields": {"city_start_trip": 1, "city_end_trip": 2, "city_center_trip": "Днепр", "all_city_trip": "Все города", "date_trip": "2021-03-13", "time_trip": "19:40:43", "date_trip_end": "2021-03-14", "time_trip_end": "22:47:03", "type_of_transport": "Microbuze", "model_of_transport": "Спринтер", "price": "150.00", "qty_of_seats": "19", "active": true, "transfer": "КиевТранс"}}, {"model": "main.journey", "pk": 8, "fields": {"city_start_trip": 1, "city_end_trip": 2, "city_center_trip": "Днепр", "all_city_trip": "Все города", "date_trip": "2021-03-31", "time_trip": "16:19:30", "date_trip_end": "2021-03-13", "time_trip_end": "22:47:03.175", "type_of_transport": "Autocare", "model_of_transport": "Ы", "price": "1231.00", "qty_of_seats": "12", "active": true, "transfer": "фыв"}}, {"model": "main.journey", "pk": 9, "fields": {"city_start_trip": 1, "city_end_trip": 2, "city_center_trip": "Софиевка", "all_city_trip": "Днепр, Софиевка, Кривой Рог, Киев, Борисполь, Жуляны, Макарты, Анновка, Малая Дмитровка", "date_trip": "2021-03-13", "time_trip": "17:06:55", "date_trip_end": "2021-03-14", "time_trip_end": "06:00:00", "type_of_transport": "Autocare", "model_of_transport": "Эталон", "price": "250.00", "qty_of_seats": "12", "active": true, "transfer": "КиевТранс"}}, {"model": "main.journey", "pk": 10, "fields": {"city_start_trip": 12, "city_end_trip": 1, "city_center_trip": "Жоржополь", "all_city_trip": "Все города", "date_trip": "2021-03-14", "time_trip": "23:59:00", "date_trip_end": "2021-03-15", "time_trip_end": "06:00:00", "type_of_transport": "Autocare", "model_of_transport": "Автобус", "price": "125.00", "qty_of_seats": "50", "active": true, "transfer": "КиевТранс"}}, {"model": "main.journey", "pk": 11, "fields": {"city_start_trip": 12, "city_end_trip": 12, "city_center_trip": "Борисполь", "all_city_trip": "Борисполь", "date_trip": "2021-03-31", "time_trip": "23:59:00", "date_trip_end": "2021-03-31", "time_trip_end": "00:00:00", "type_of_transport": "Microbuze", "model_of_transport": "Mercedes-Benz Vito 240D", "price": "1250.00", "qty_of_seats": "7", "active": true, "transfer": "SpringTrans"}}, {"model": "main.startcity", "pk": 1, "fields": {"title": "Киев"}}, {"model": "main.startcity", "pk": 2, "fields": {"title": "Кривой Рог"}}, {"model": "main.startcity", "pk": 3, "fields": {"title": "Харьков"}}, {"model": "main.startcity", "pk": 4, "fields": {"title": "Одесса"}}, {"model": "main.startcity", "pk": 5, "fields": {"title": "Донецк"}}, {"model": "main.startcity", "pk": 6, "fields": {"title": "Днепр"}}, {"model": "main.startcity", "pk": 7, "fields": {"title": "Днепродзержинск"}}, {"model": "main.startcity", "pk": 8, "fields": {"title": "Львов"}}, {"model": "main.startcity", "pk": 9, "fields": {"title": "Мукачево"}}, {"model": "main.startcity", "pk": 10, "fields": {"title": "Макарты"}}, {"model": "main.startcity", "pk": 11, "fields": {"title": "Ифано-Франковск"}}, {"model": "main.startcity", "pk": 12, "fields": {"title": "Борисполь"}}, {"model": "main.endcity", "pk": 1, "fields": {"title": "Киев"}}, {"model": "main.endcity", "pk": 2, "fields": {"title": "Кривой Рог"}}, {"model": "main.endcity", "pk": 3, "fields": {"title": "Харьков"}}, {"model": "main.endcity", "pk": 4, "fields": {"title": "Одесса"}}, {"model": "main.endcity", "pk": 5, "fields": {"title": "Донецк"}}, {"model": "main.endcity", "pk": 6, "fields": {"title": "Днепр"}}, {"model": "main.endcity", "pk": 7, "fields": {"title": "Днепродзержинск"}}, {"model": "main.endcity", "pk": 8, "fields": {"title": "Львов"}}, {"model": "main.endcity", "pk": 9, "fields": {"title": "Мукачево"}}, {"model": "main.endcity", "pk": 10, "fields": {"title": "Ивано-Франковск"}}, {"model": "main.endcity", "pk": 11, "fields": {"title": "Макарты"}}, {"model": "main.endcity", "pk": 12, "fields": {"title": "Борисполь"}}, {"model": "main.order", "pk": 1, "fields": {"journey": 5, "phone": "380993080701", "email": "test@test.com", "passenger1_name": "Влад", "passenger1_second_name": "Карпенко", "passenger1_passport_type": "EU", "passenger1_passport_info": "АБ 123456", "passenger2_name": null, "passenger2_second_name": null, "passenger2_passport_type": null, "passenger2_passport_info": null, "passenger3_name": null, "passenger3_second_name": null, "passenger3_passport_type": null, "passenger3_passport_info": null, "passenger4_name": null, "passenger4_second_name": null, "passenger4_passport_type": null, "passenger4_passport_info": null, "passenger5_name": null, "passenger5_second_name": null, "passenger5_passport_type": null, "passenger5_passport_info": null, "passenger6_name": null, "passenger6_second_name": null, "passenger6_passport_type": null, "passenger6_passport_info": null, "passenger7_name": null, "passenger7_second_name": null, "passenger7_passport_type": null, "passenger7_passport_info": null, "passenger8_name": null, "passenger8_second_name": null, "passenger8_passport_type": null, "passenger8_passport_info": null, "passenger9_name": null, "passenger9_second_name": null, "passenger9_passport_type": null, "passenger9_passport_info": null, "total_price": "100.00", "status": "new", "payment_type": "card", "created_at": "2021-03-14T15:01:19.653Z"}}, {"model": "main.order", "pk": 2, "fields": {"journey": 5, "phone": "380993080701", "email": "vladium60@gmail.com", "passenger1_name": "Влад", "passenger1_second_name": "Карпенко", "passenger1_passport_type": "EU", "passenger1_passport_info": "АВ 122333", "passenger2_name": "Петр", "passenger2_second_name": "Петров", "passenger2_passport_type": "EU", "passenger2_passport_info": "АИ 666666", "passenger3_name": "Иван", "passenger3_second_name": "Иванов", "passenger3_passport_type": "EU", "passenger3_passport_info": "КП 123456", "passenger4_name": "Василий", "passenger4_second_name": "Васильев", "passenger4_passport_type": "MD", "passenger4_passport_info": "123А965Й", "passenger5_name": "Андрей", "passenger5_second_name": "Карапузов", "passenger5_passport_type": "MD", "passenger5_passport_info": "КК 987654", "passenger6_name": null, "passenger6_second_name": null, "passenger6_passport_type": null, "passenger6_passport_info": null, "passenger7_name": null, "passenger7_second_name": null, "passenger7_passport_type": null, "passenger7_passport_info": null, "passenger8_name": null, "passenger8_second_name": null, "passenger8_passport_type": null, "passenger8_passport_info": null, "passenger9_name": null, "passenger9_second_name": null, "passenger9_passport_type": null, "passenger9_passport_info": null, "total_price": "100.00", "status": "new", "payment_type": "PAYMENT_TYPE_TERMINAL", "created_at": "2021-03-14T15:38:37.557Z"}}, {"model": "main.order", "pk": 3, "fields": {"journey": 5, "phone": "380993080701", "email": "vladium60@gmail.com", "passenger1_name": "Влад", "passenger1_second_name": "Карпенко", "passenger1_passport_type": "EU", "passenger1_passport_info": "АВ 122333", "passenger2_name": "Петр", "passenger2_second_name": "Петров", "passenger2_passport_type": "EU", "passenger2_passport_info": "АИ 666666", "passenger3_name": "Иван", "passenger3_second_name": "Иванов", "passenger3_passport_type": "EU", "passenger3_passport_info": "КП 123456", "passenger4_name": "Василий", "passenger4_second_name": "Васильев", "passenger4_passport_type": "MD", "passenger4_passport_info": "123А965Й", "passenger5_name": "Андрей", "passenger5_second_name": "Карапузов", "passenger5_passport_type": "MD", "passenger5_passport_info": "КК 987654", "passenger6_name": null, "passenger6_second_name": null, "passenger6_passport_type": null, "passenger6_passport_info": null, "passenger7_name": null, "passenger7_second_name": null, "passenger7_passport_type": null, "passenger7_passport_info": null, "passenger8_name": null, "passenger8_second_name": null, "passenger8_passport_type": null, "passenger8_passport_info": null, "passenger9_name": null, "passenger9_second_name": null, "passenger9_passport_type": null, "passenger9_passport_info": null, "total_price": "100.00", "status": "new", "payment_type": "PAYMENT_TYPE_TERMINAL", "created_at": "2021-03-14T15:38:43.669Z"}}, {"model": "main.order", "pk": 4, "fields": {"journey": 5, "phone": "380916216271", "email": "test@mail.com", "passenger1_name": "Максим", "passenger1_second_name": "Ушаков", "passenger1_passport_type": "MD", "passenger1_passport_info": "11223334444", "passenger2_name": null, "passenger2_second_name": null, "passenger2_passport_type": null, "passenger2_passport_info": null, "passenger3_name": null, "passenger3_second_name": null, "passenger3_passport_type": null, "passenger3_passport_info": null, "passenger4_name": null, "passenger4_second_name": null, "passenger4_passport_type": null, "passenger4_passport_info": null, "passenger5_name": null, "passenger5_second_name": null, "passenger5_passport_type": null, "passenger5_passport_info": null, "passenger6_name": null, "passenger6_second_name": null, "passenger6_passport_type": null, "passenger6_passport_info": null, "passenger7_name": null, "passenger7_second_name": null, "passenger7_passport_type": null, "passenger7_passport_info": null, "passenger8_name": null, "passenger8_second_name": null, "passenger8_passport_type": null, "passenger8_passport_info": null, "passenger9_name": null, "passenger9_second_name": null, "passenger9_passport_type": null, "passenger9_passport_info": null, "total_price": "100.00", "status": "new", "payment_type": "PAYMENT_TYPE_TERMINAL", "created_at": "2021-03-14T15:39:55.515Z"}}, {"model": "main.order", "pk": 5, "fields": {"journey": 5, "phone": "380916216271", "email": "test@mail.com", "passenger1_name": "Максим", "passenger1_second_name": "Ушаков", "passenger1_passport_type": "MD", "passenger1_passport_info": "11223334444", "passenger2_name": null, "passenger2_second_name": null, "passenger2_passport_type": null, "passenger2_passport_info": null, "passenger3_name": null, "passenger3_second_name": null, "passenger3_passport_type": null, "passenger3_passport_info": null, "passenger4_name": null, "passenger4_second_name": null, "passenger4_passport_type": null, "passenger4_passport_info": null, "passenger5_name": null, "passenger5_second_name": null, "passenger5_passport_type": null, "passenger5_passport_info": null, "passenger6_name": null, "passenger6_second_name": null, "passenger6_passport_type": null, "passenger6_passport_info": null, "passenger7_name": null, "passenger7_second_name": null, "passenger7_passport_type": null, "passenger7_passport_info": null, "passenger8_name": null, "passenger8_second_name": null, "passenger8_passport_type": null, "passenger8_passport_info": null, "passenger9_name": null, "passenger9_second_name": null, "passenger9_passport_type": null, "passenger9_passport_info": null, "total_price": "100.00", "status": "new", "payment_type": "terminal", "created_at": "2021-03-14T15:42:38.010Z"}}, {"model": "main.order", "pk": 6, "fields": {"journey": 5, "phone": "380993080701", "email": "proverka@mail.com", "passenger1_name": "Тест", "passenger1_second_name": "Тестович", "passenger1_passport_type": "EU", "passenger1_passport_info": "1234598", "passenger2_name": null, "passenger2_second_name": null, "passenger2_passport_type": null, "passenger2_passport_info": null, "passenger3_name": null, "passenger3_second_name": null, "passenger3_passport_type": null, "passenger3_passport_info": null, "passenger4_name": null, "passenger4_second_name": null, "passenger4_passport_type": null, "passenger4_passport_info": null, "passenger5_name": null, "passenger5_second_name": null, "passenger5_passport_type": null, "passenger5_passport_info": null, "passenger6_name": null, "passenger6_second_name": null, "passenger6_passport_type": null, "passenger6_passport_info": null, "passenger7_name": null, "passenger7_second_name": null, "passenger7_passport_type": null, "passenger7_passport_info": null, "passenger8_name": null, "passenger8_second_name": null, "passenger8_passport_type": null, "passenger8_passport_info": null, "passenger9_name": null, "passenger9_second_name": null, "passenger9_passport_type": null, "passenger9_passport_info": null, "total_price": "100.00", "status": "new", "payment_type": "terminal", "created_at": "2021-03-14T15:43:22.790Z"}}, {"model": "main.order", "pk": 7, "fields": {"journey": 5, "phone": "21312312323", "email": "test@mail.com", "passenger1_name": "ыфвв", "passenger1_second_name": "ывфы", "passenger1_passport_type": "EU", "passenger1_passport_info": "45646", "passenger2_name": null, "passenger2_second_name": null, "passenger2_passport_type": null, "passenger2_passport_info": null, "passenger3_name": null, "passenger3_second_name": null, "passenger3_passport_type": null, "passenger3_passport_info": null, "passenger4_name": null, "passenger4_second_name": null, "passenger4_passport_type": null, "passenger4_passport_info": null, "passenger5_name": null, "passenger5_second_name": null, "passenger5_passport_type": null, "passenger5_passport_info": null, "passenger6_name": null, "passenger6_second_name": null, "passenger6_passport_type": null, "passenger6_passport_info": null, "passenger7_name": null, "passenger7_second_name": null, "passenger7_passport_type": null, "passenger7_passport_info": null, "passenger8_name": null, "passenger8_second_name": null, "passenger8_passport_type": null, "passenger8_passport_info": null, "passenger9_name": null, "passenger9_second_name": null, "passenger9_passport_type": null, "passenger9_passport_info": null, "total_price": "100.00", "status": "new", "payment_type": "card", "created_at": "2021-03-14T16:04:22.000Z"}}, {"model": "main.order", "pk": 8, "fields": {"journey": 5, "phone": "21312312323", "email": "test@mail.com", "passenger1_name": "ыфвв", "passenger1_second_name": "ывфы", "passenger1_passport_type": "EU", "passenger1_passport_info": "45646", "passenger2_name": null, "passenger2_second_name": null, "passenger2_passport_type": null, "passenger2_passport_info": null, "passenger3_name": null, "passenger3_second_name": null, "passenger3_passport_type": null, "passenger3_passport_info": null, "passenger4_name": null, "passenger4_second_name": null, "passenger4_passport_type": null, "passenger4_passport_info": null, "passenger5_name": null, "passenger5_second_name": null, "passenger5_passport_type": null, "passenger5_passport_info": null, "passenger6_name": null, "passenger6_second_name": null, "passenger6_passport_type": null, "passenger6_passport_info": null, "passenger7_name": null, "passenger7_second_name": null, "passenger7_passport_type": null, "passenger7_passport_info": null, "passenger8_name": null, "passenger8_second_name": null, "passenger8_passport_type": null, "passenger8_passport_info": null, "passenger9_name": null, "passenger9_second_name": null, "passenger9_passport_type": null, "passenger9_passport_info": null, "total_price": "100.00", "status": "new", "payment_type": "card", "created_at": "2021-03-14T16:04:42.926Z"}}, {"model": "main.order", "pk": 9, "fields": {"journey": 5, "phone": "21312312323", "email": "test@mail.com", "passenger1_name": "ыфвв", "passenger1_second_name": "ывфы", "passenger1_passport_type": "EU", "passenger1_passport_info": "45646", "passenger2_name": null, "passenger2_second_name": null, "passenger2_passport_type": null, "passenger2_passport_info": null, "passenger3_name": null, "passenger3_second_name": null, "passenger3_passport_type": null, "passenger3_passport_info": null, "passenger4_name": null, "passenger4_second_name": null, "passenger4_passport_type": null, "passenger4_passport_info": null, "passenger5_name": null, "passenger5_second_name": null, "passenger5_passport_type": null, "passenger5_passport_info": null, "passenger6_name": null, "passenger6_second_name": null, "passenger6_passport_type": null, "passenger6_passport_info": null, "passenger7_name": null, "passenger7_second_name": null, "passenger7_passport_type": null, "passenger7_passport_info": null, "passenger8_name": null, "passenger8_second_name": null, "passenger8_passport_type": null, "passenger8_passport_info": null, "passenger9_name": null, "passenger9_second_name": null, "passenger9_passport_type": null, "passenger9_passport_info": null, "total_price": "100.00", "status": "new", "payment_type": "card", "created_at": "2021-03-14T16:08:05.840Z"}}, {"model": "main.order", "pk": 10, "fields": {"journey": 5, "phone": "21312312323", "email": "test@mail.com", "passenger1_name": "ыфвв", "passenger1_second_name": "ывфы", "passenger1_passport_type": "EU", "passenger1_passport_info": "45646", "passenger2_name": null, "passenger2_second_name": null, "passenger2_passport_type": null, "passenger2_passport_info": null, "passenger3_name": null, "passenger3_second_name": null, "passenger3_passport_type": null, "passenger3_passport_info": null, "passenger4_name": null, "passenger4_second_name": null, "passenger4_passport_type": null, "passenger4_passport_info": null, "passenger5_name": null, "passenger5_second_name": null, "passenger5_passport_type": null, "passenger5_passport_info": null, "passenger6_name": null, "passenger6_second_name": null, "passenger6_passport_type": null, "passenger6_passport_info": null, "passenger7_name": null, "passenger7_second_name": null, "passenger7_passport_type": null, "passenger7_passport_info": null, "passenger8_name": null, "passenger8_second_name": null, "passenger8_passport_type": null, "passenger8_passport_info": null, "passenger9_name": null, "passenger9_second_name": null, "passenger9_passport_type": null, "passenger9_passport_info": null, "total_price": "100.00", "status": "new", "payment_type": "card", "created_at": "2021-03-14T16:17:33.026Z"}}, {"model": "main.order", "pk": 11, "fields": {"journey": 5, "phone": "21312312323", "email": "test@mail.com", "passenger1_name": "ыфвв", "passenger1_second_name": "ывфы", "passenger1_passport_type": "EU", "passenger1_passport_info": "45646", "passenger2_name": null, "passenger2_second_name": null, "passenger2_passport_type": null, "passenger2_passport_info": null, "passenger3_name": null, "passenger3_second_name": null, "passenger3_passport_type": null, "passenger3_passport_info": null, "passenger4_name": null, "passenger4_second_name": null, "passenger4_passport_type": null, "passenger4_passport_info": null, "passenger5_name": null, "passenger5_second_name": null, "passenger5_passport_type": null, "passenger5_passport_info": null, "passenger6_name": null, "passenger6_second_name": null, "passenger6_passport_type": null, "passenger6_passport_info": null, "passenger7_name": null, "passenger7_second_name": null, "passenger7_passport_type": null, "passenger7_passport_info": null, "passenger8_name": null, "passenger8_second_name": null, "passenger8_passport_type": null, "passenger8_passport_info": null, "passenger9_name": null, "passenger9_second_name": null, "passenger9_passport_type": null, "passenger9_passport_info": null, "total_price": "100.00", "status": "new", "payment_type": "card", "created_at": "2021-03-14T16:19:34.342Z"}}, {"model": "main.order", "pk": 12, "fields": {"journey": 5, "phone": "21312312323", "email": "test@mail.com", "passenger1_name": "ыфвв", "passenger1_second_name": "ывфы", "passenger1_passport_type": "EU", "passenger1_passport_info": "45646", "passenger2_name": null, "passenger2_second_name": null, "passenger2_passport_type": null, "passenger2_passport_info": null, "passenger3_name": null, "passenger3_second_name": null, "passenger3_passport_type": null, "passenger3_passport_info": null, "passenger4_name": null, "passenger4_second_name": null, "passenger4_passport_type": null, "passenger4_passport_info": null, "passenger5_name": null, "passenger5_second_name": null, "passenger5_passport_type": null, "passenger5_passport_info": null, "passenger6_name": null, "passenger6_second_name": null, "passenger6_passport_type": null, "passenger6_passport_info": null, "passenger7_name": null, "passenger7_second_name": null, "passenger7_passport_type": null, "passenger7_passport_info": null, "passenger8_name": null, "passenger8_second_name": null, "passenger8_passport_type": null, "passenger8_passport_info": null, "passenger9_name": null, "passenger9_second_name": null, "passenger9_passport_type": null, "passenger9_passport_info": null, "total_price": "100.00", "status": "new", "payment_type": "card", "created_at": "2021-03-14T16:23:46.944Z"}}, {"model": "main.order", "pk": 13, "fields": {"journey": 5, "phone": "21312312323", "email": "test@mail.com", "passenger1_name": "ыфвв", "passenger1_second_name": "ывфы", "passenger1_passport_type": "EU", "passenger1_passport_info": "45646", "passenger2_name": null, "passenger2_second_name": null, "passenger2_passport_type": null, "passenger2_passport_info": null, "passenger3_name": null, "passenger3_second_name": null, "passenger3_passport_type": null, "passenger3_passport_info": null, "passenger4_name": null, "passenger4_second_name": null, "passenger4_passport_type": null, "passenger4_passport_info": null, "passenger5_name": null, "passenger5_second_name": null, "passenger5_passport_type": null, "passenger5_passport_info": null, "passenger6_name": null, "passenger6_second_name": null, "passenger6_passport_type": null, "passenger6_passport_info": null, "passenger7_name": null, "passenger7_second_name": null, "passenger7_passport_type": null, "passenger7_passport_info": null, "passenger8_name": null, "passenger8_second_name": null, "passenger8_passport_type": null, "passenger8_passport_info": null, "passenger9_name": null, "passenger9_second_name": null, "passenger9_passport_type": null, "passenger9_passport_info": null, "total_price": "100.00", "status": "new", "payment_type": "card", "created_at": "2021-03-14T16:24:05.602Z"}}, {"model": "main.order", "pk": 14, "fields": {"journey": 5, "phone": "21312312323", "email": "test@mail.com", "passenger1_name": "ыфвв", "passenger1_second_name": "ывфы", "passenger1_passport_type": "EU", "passenger1_passport_info": "45646", "passenger2_name": null, "passenger2_second_name": null, "passenger2_passport_type": null, "passenger2_passport_info": null, "passenger3_name": null, "passenger3_second_name": null, "passenger3_passport_type": null, "passenger3_passport_info": null, "passenger4_name": null, "passenger4_second_name": null, "passenger4_passport_type": null, "passenger4_passport_info": null, "passenger5_name": null, "passenger5_second_name": null, "passenger5_passport_type": null, "passenger5_passport_info": null, "passenger6_name": null, "passenger6_second_name": null, "passenger6_passport_type": null, "passenger6_passport_info": null, "passenger7_name": null, "passenger7_second_name": null, "passenger7_passport_type": null, "passenger7_passport_info": null, "passenger8_name": null, "passenger8_second_name": null, "passenger8_passport_type": null, "passenger8_passport_info": null, "passenger9_name": null, "passenger9_second_name": null, "passenger9_passport_type": null, "passenger9_passport_info": null, "total_price": "100.00", "status": "new", "payment_type": "card", "created_at": "2021-03-14T16:24:15.920Z"}}, {"model": "main.order", "pk": 15, "fields": {"journey": 5, "phone": "21312312323", "email": "test@mail.com", "passenger1_name": "ыфвв", "passenger1_second_name": "ывфы", "passenger1_passport_type": "EU", "passenger1_passport_info": "45646", "passenger2_name": null, "passenger2_second_name": null, "passenger2_passport_type": null, "passenger2_passport_info": null, "passenger3_name": null, "passenger3_second_name": null, "passenger3_passport_type": null, "passenger3_passport_info": null, "passenger4_name": null, "passenger4_second_name": null, "passenger4_passport_type": null, "passenger4_passport_info": null, "passenger5_name": null, "passenger5_second_name": null, "passenger5_passport_type": null, "passenger5_passport_info": null, "passenger6_name": null, "passenger6_second_name": null, "passenger6_passport_type": null, "passenger6_passport_info": null, "passenger7_name": null, "passenger7_second_name": null, "passenger7_passport_type": null, "passenger7_passport_info": null, "passenger8_name": null, "passenger8_second_name": null, "passenger8_passport_type": null, "passenger8_passport_info": null, "passenger9_name": null, "passenger9_second_name": null, "passenger9_passport_type": null, "passenger9_passport_info": null, "total_price": "100.00", "status": "new", "payment_type": "card", "created_at": "2021-03-14T16:25:17.974Z"}}, {"model": "main.order", "pk": 16, "fields": {"journey": 5, "phone": "21312312323", "email": "test@mail.com", "passenger1_name": "ыфвв", "passenger1_second_name": "ывфы", "passenger1_passport_type": "EU", "passenger1_passport_info": "45646", "passenger2_name": null, "passenger2_second_name": null, "passenger2_passport_type": null, "passenger2_passport_info": null, "passenger3_name": null, "passenger3_second_name": null, "passenger3_passport_type": null, "passenger3_passport_info": null, "passenger4_name": null, "passenger4_second_name": null, "passenger4_passport_type": null, "passenger4_passport_info": null, "passenger5_name": null, "passenger5_second_name": null, "passenger5_passport_type": null, "passenger5_passport_info": null, "passenger6_name": null, "passenger6_second_name": null, "passenger6_passport_type": null, "passenger6_passport_info": null, "passenger7_name": null, "passenger7_second_name": null, "passenger7_passport_type": null, "passenger7_passport_info": null, "passenger8_name": null, "passenger8_second_name": null, "passenger8_passport_type": null, "passenger8_passport_info": null, "passenger9_name": null, "passenger9_second_name": null, "passenger9_passport_type": null, "passenger9_passport_info": null, "total_price": "100.00", "status": "new", "payment_type": "card", "created_at": "2021-03-14T16:25:57.974Z"}}, {"model": "main.order", "pk": 17, "fields": {"journey": 5, "phone": "21312312323", "email": "test@mail.com", "passenger1_name": "ыфвв", "passenger1_second_name": "ывфы", "passenger1_passport_type": "EU", "passenger1_passport_info": "45646", "passenger2_name": null, "passenger2_second_name": null, "passenger2_passport_type": null, "passenger2_passport_info": null, "passenger3_name": null, "passenger3_second_name": null, "passenger3_passport_type": null, "passenger3_passport_info": null, "passenger4_name": null, "passenger4_second_name": null, "passenger4_passport_type": null, "passenger4_passport_info": null, "passenger5_name": null, "passenger5_second_name": null, "passenger5_passport_type": null, "passenger5_passport_info": null, "passenger6_name": null, "passenger6_second_name": null, "passenger6_passport_type": null, "passenger6_passport_info": null, "passenger7_name": null, "passenger7_second_name": null, "passenger7_passport_type": null, "passenger7_passport_info": null, "passenger8_name": null, "passenger8_second_name": null, "passenger8_passport_type": null, "passenger8_passport_info": null, "passenger9_name": null, "passenger9_second_name": null, "passenger9_passport_type": null, "passenger9_passport_info": null, "total_price": "100.00", "status": "new", "payment_type": "card", "created_at": "2021-03-14T16:27:41.677Z"}}, {"model": "main.order", "pk": 18, "fields": {"journey": 5, "phone": "21312312323", "email": "test@mail.com", "passenger1_name": "ыфвв", "passenger1_second_name": "ывфы", "passenger1_passport_type": "EU", "passenger1_passport_info": "45646", "passenger2_name": null, "passenger2_second_name": null, "passenger2_passport_type": null, "passenger2_passport_info": null, "passenger3_name": null, "passenger3_second_name": null, "passenger3_passport_type": null, "passenger3_passport_info": null, "passenger4_name": null, "passenger4_second_name": null, "passenger4_passport_type": null, "passenger4_passport_info": null, "passenger5_name": null, "passenger5_second_name": null, "passenger5_passport_type": null, "passenger5_passport_info": null, "passenger6_name": null, "passenger6_second_name": null, "passenger6_passport_type": null, "passenger6_passport_info": null, "passenger7_name": null, "passenger7_second_name": null, "passenger7_passport_type": null, "passenger7_passport_info": null, "passenger8_name": null, "passenger8_second_name": null, "passenger8_passport_type": null, "passenger8_passport_info": null, "passenger9_name": null, "passenger9_second_name": null, "passenger9_passport_type": null, "passenger9_passport_info": null, "total_price": "100.00", "status": "new", "payment_type": "card", "created_at": "2021-03-14T16:27:51.827Z"}}, {"model": "main.order", "pk": 19, "fields": {"journey": 5, "phone": "21312312323", "email": "test@mail.com", "passenger1_name": "ыфвв", "passenger1_second_name": "ывфы", "passenger1_passport_type": "EU", "passenger1_passport_info": "45646", "passenger2_name": null, "passenger2_second_name": null, "passenger2_passport_type": null, "passenger2_passport_info": null, "passenger3_name": null, "passenger3_second_name": null, "passenger3_passport_type": null, "passenger3_passport_info": null, "passenger4_name": null, "passenger4_second_name": null, "passenger4_passport_type": null, "passenger4_passport_info": null, "passenger5_name": null, "passenger5_second_name": null, "passenger5_passport_type": null, "passenger5_passport_info": null, "passenger6_name": null, "passenger6_second_name": null, "passenger6_passport_type": null, "passenger6_passport_info": null, "passenger7_name": null, "passenger7_second_name": null, "passenger7_passport_type": null, "passenger7_passport_info": null, "passenger8_name": null, "passenger8_second_name": null, "passenger8_passport_type": null, "passenger8_passport_info": null, "passenger9_name": null, "passenger9_second_name": null, "passenger9_passport_type": null, "passenger9_passport_info": null, "total_price": "100.00", "status": "new", "payment_type": "card", "created_at": "2021-03-14T16:28:03.457Z"}}, {"model": "main.order", "pk": 20, "fields": {"journey": 5, "phone": "21312312323", "email": "test@mail.com", "passenger1_name": "ыфвв", "passenger1_second_name": "ывфы", "passenger1_passport_type": "EU", "passenger1_passport_info": "45646", "passenger2_name": null, "passenger2_second_name": null, "passenger2_passport_type": null, "passenger2_passport_info": null, "passenger3_name": null, "passenger3_second_name": null, "passenger3_passport_type": null, "passenger3_passport_info": null, "passenger4_name": null, "passenger4_second_name": null, "passenger4_passport_type": null, "passenger4_passport_info": null, "passenger5_name": null, "passenger5_second_name": null, "passenger5_passport_type": null, "passenger5_passport_info": null, "passenger6_name": null, "passenger6_second_name": null, "passenger6_passport_type": null, "passenger6_passport_info": null, "passenger7_name": null, "passenger7_second_name": null, "passenger7_passport_type": null, "passenger7_passport_info": null, "passenger8_name": null, "passenger8_second_name": null, "passenger8_passport_type": null, "passenger8_passport_info": null, "passenger9_name": null, "passenger9_second_name": null, "passenger9_passport_type": null, "passenger9_passport_info": null, "total_price": "100.00", "status": "new", "payment_type": "card", "created_at": "2021-03-14T16:28:22.371Z"}}, {"model": "main.order", "pk": 21, "fields": {"journey": 5, "phone": "21312312323", "email": "test@mail.com", "passenger1_name": "ыфвв", "passenger1_second_name": "ывфы", "passenger1_passport_type": "EU", "passenger1_passport_info": "45646", "passenger2_name": null, "passenger2_second_name": null, "passenger2_passport_type": null, "passenger2_passport_info": null, "passenger3_name": null, "passenger3_second_name": null, "passenger3_passport_type": null, "passenger3_passport_info": null, "passenger4_name": null, "passenger4_second_name": null, "passenger4_passport_type": null, "passenger4_passport_info": null, "passenger5_name": null, "passenger5_second_name": null, "passenger5_passport_type": null, "passenger5_passport_info": null, "passenger6_name": null, "passenger6_second_name": null, "passenger6_passport_type": null, "passenger6_passport_info": null, "passenger7_name": null, "passenger7_second_name": null, "passenger7_passport_type": null, "passenger7_passport_info": null, "passenger8_name": null, "passenger8_second_name": null, "passenger8_passport_type": null, "passenger8_passport_info": null, "passenger9_name": null, "passenger9_second_name": null, "passenger9_passport_type": null, "passenger9_passport_info": null, "total_price": "100.00", "status": "new", "payment_type": "card", "created_at": "2021-03-14T16:28:51.090Z"}}, {"model": "main.order", "pk": 22, "fields": {"journey": 5, "phone": "+380993080701", "email": "quterorta@gmail.com", "passenger1_name": "Владислав", "passenger1_second_name": "Карпенко", "passenger1_passport_type": "MD", "passenger1_passport_info": "102030АБВ", "passenger2_name": null, "passenger2_second_name": null, "passenger2_passport_type": null, "passenger2_passport_info": null, "passenger3_name": null, "passenger3_second_name": null, "passenger3_passport_type": null, "passenger3_passport_info": null, "passenger4_name": null, "passenger4_second_name": null, "passenger4_passport_type": null, "passenger4_passport_info": null, "passenger5_name": null, "passenger5_second_name": null, "passenger5_passport_type": null, "passenger5_passport_info": null, "passenger6_name": null, "passenger6_second_name": null, "passenger6_passport_type": null, "passenger6_passport_info": null, "passenger7_name": null, "passenger7_second_name": null, "passenger7_passport_type": null, "passenger7_passport_info": null, "passenger8_name": null, "passenger8_second_name": null, "passenger8_passport_type": null, "passenger8_passport_info": null, "passenger9_name": null, "passenger9_second_name": null, "passenger9_passport_type": null, "passenger9_passport_info": null, "total_price": "123.00", "status": "new", "payment_type": "card", "created_at": "2021-03-14T17:41:52.569Z"}}, {"model": "main.order", "pk": 23, "fields": {"journey": 5, "phone": "+380993080701", "email": "quterorta@gmail.com", "passenger1_name": "Владислав", "passenger1_second_name": "Карпенко", "passenger1_passport_type": "MD", "passenger1_passport_info": "102030АБВ", "passenger2_name": null, "passenger2_second_name": null, "passenger2_passport_type": null, "passenger2_passport_info": null, "passenger3_name": null, "passenger3_second_name": null, "passenger3_passport_type": null, "passenger3_passport_info": null, "passenger4_name": null, "passenger4_second_name": null, "passenger4_passport_type": null, "passenger4_passport_info": null, "passenger5_name": null, "passenger5_second_name": null, "passenger5_passport_type": null, "passenger5_passport_info": null, "passenger6_name": null, "passenger6_second_name": null, "passenger6_passport_type": null, "passenger6_passport_info": null, "passenger7_name": null, "passenger7_second_name": null, "passenger7_passport_type": null, "passenger7_passport_info": null, "passenger8_name": null, "passenger8_second_name": null, "passenger8_passport_type": null, "passenger8_passport_info": null, "passenger9_name": null, "passenger9_second_name": null, "passenger9_passport_type": null, "passenger9_passport_info": null, "total_price": "123.00", "status": "new", "payment_type": "terminal", "created_at": "2021-03-14T17:43:15.218Z"}}, {"model": "main.order", "pk": 24, "fields": {"journey": 6, "phone": "32132354", "email": "fghjkl@asd.asd", "passenger1_name": "asd", "passenger1_second_name": "ads", "passenger1_passport_type": "EU", "passenger1_passport_info": "ads21", "passenger2_name": null, "passenger2_second_name": null, "passenger2_passport_type": null, "passenger2_passport_info": null, "passenger3_name": null, "passenger3_second_name": null, "passenger3_passport_type": null, "passenger3_passport_info": null, "passenger4_name": null, "passenger4_second_name": null, "passenger4_passport_type": null, "passenger4_passport_info": null, "passenger5_name": null, "passenger5_second_name": null, "passenger5_passport_type": null, "passenger5_passport_info": null, "passenger6_name": null, "passenger6_second_name": null, "passenger6_passport_type": null, "passenger6_passport_info": null, "passenger7_name": null, "passenger7_second_name": null, "passenger7_passport_type": null, "passenger7_passport_info": null, "passenger8_name": null, "passenger8_second_name": null, "passenger8_passport_type": null, "passenger8_passport_info": null, "passenger9_name": null, "passenger9_second_name": null, "passenger9_passport_type": null, "passenger9_passport_info": null, "total_price": "45.00", "status": "new", "payment_type": "card", "created_at": "2021-03-15T08:51:01.721Z"}}, {"model": "main.order", "pk": 25, "fields": {"journey": 6, "phone": "32132354", "email": "fghjkl@asd.asd", "passenger1_name": "asd", "passenger1_second_name": "ads", "passenger1_passport_type": "EU", "passenger1_passport_info": "ads21", "passenger2_name": null, "passenger2_second_name": null, "passenger2_passport_type": null, "passenger2_passport_info": null, "passenger3_name": null, "passenger3_second_name": null, "passenger3_passport_type": null, "passenger3_passport_info": null, "passenger4_name": null, "passenger4_second_name": null, "passenger4_passport_type": null, "passenger4_passport_info": null, "passenger5_name": null, "passenger5_second_name": null, "passenger5_passport_type": null, "passenger5_passport_info": null, "passenger6_name": null, "passenger6_second_name": null, "passenger6_passport_type": null, "passenger6_passport_info": null, "passenger7_name": null, "passenger7_second_name": null, "passenger7_passport_type": null, "passenger7_passport_info": null, "passenger8_name": null, "passenger8_second_name": null, "passenger8_passport_type": null, "passenger8_passport_info": null, "passenger9_name": null, "passenger9_second_name": null, "passenger9_passport_type": null, "passenger9_passport_info": null, "total_price": "45.00", "status": "new", "payment_type": "card", "created_at": "2021-03-15T08:51:33.522Z"}}, {"model": "main.order", "pk": 26, "fields": {"journey": 6, "phone": "32132354", "email": "fghjkl@asd.asd", "passenger1_name": "asd", "passenger1_second_name": "ads", "passenger1_passport_type": "EU", "passenger1_passport_info": "ads21", "passenger2_name": null, "passenger2_second_name": null, "passenger2_passport_type": null, "passenger2_passport_info": null, "passenger3_name": null, "passenger3_second_name": null, "passenger3_passport_type": null, "passenger3_passport_info": null, "passenger4_name": null, "passenger4_second_name": null, "passenger4_passport_type": null, "passenger4_passport_info": null, "passenger5_name": null, "passenger5_second_name": null, "passenger5_passport_type": null, "passenger5_passport_info": null, "passenger6_name": null, "passenger6_second_name": null, "passenger6_passport_type": null, "passenger6_passport_info": null, "passenger7_name": null, "passenger7_second_name": null, "passenger7_passport_type": null, "passenger7_passport_info": null, "passenger8_name": null, "passenger8_second_name": null, "passenger8_passport_type": null, "passenger8_passport_info": null, "passenger9_name": null, "passenger9_second_name": null, "passenger9_passport_type": null, "passenger9_passport_info": null, "total_price": "45.00", "status": "new", "payment_type": "card", "created_at": "2021-03-15T08:52:10.301Z"}}, {"model": "main.order", "pk": 27, "fields": {"journey": 6, "phone": "32132354", "email": "fghjkl@asd.asd", "passenger1_name": "asd", "passenger1_second_name": "ads", "passenger1_passport_type": "EU", "passenger1_passport_info": "ads21", "passenger2_name": null, "passenger2_second_name": null, "passenger2_passport_type": null, "passenger2_passport_info": null, "passenger3_name": null, "passenger3_second_name": null, "passenger3_passport_type": null, "passenger3_passport_info": null, "passenger4_name": null, "passenger4_second_name": null, "passenger4_passport_type": null, "passenger4_passport_info": null, "passenger5_name": null, "passenger5_second_name": null, "passenger5_passport_type": null, "passenger5_passport_info": null, "passenger6_name": null, "passenger6_second_name": null, "passenger6_passport_type": null, "passenger6_passport_info": null, "passenger7_name": null, "passenger7_second_name": null, "passenger7_passport_type": null, "passenger7_passport_info": null, "passenger8_name": null, "passenger8_second_name": null, "passenger8_passport_type": null, "passenger8_passport_info": null, "passenger9_name": null, "passenger9_second_name": null, "passenger9_passport_type": null, "passenger9_passport_info": null, "total_price": "45.00", "status": "new", "payment_type": "card", "created_at": "2021-03-15T08:53:26.005Z"}}, {"model": "main.order", "pk": 28, "fields": {"journey": 6, "phone": "32132354", "email": "fghjkl@asd.asd", "passenger1_name": "asd", "passenger1_second_name": "ads", "passenger1_passport_type": "EU", "passenger1_passport_info": "ads21", "passenger2_name": null, "passenger2_second_name": null, "passenger2_passport_type": null, "passenger2_passport_info": null, "passenger3_name": null, "passenger3_second_name": null, "passenger3_passport_type": null, "passenger3_passport_info": null, "passenger4_name": null, "passenger4_second_name": null, "passenger4_passport_type": null, "passenger4_passport_info": null, "passenger5_name": null, "passenger5_second_name": null, "passenger5_passport_type": null, "passenger5_passport_info": null, "passenger6_name": null, "passenger6_second_name": null, "passenger6_passport_type": null, "passenger6_passport_info": null, "passenger7_name": null, "passenger7_second_name": null, "passenger7_passport_type": null, "passenger7_passport_info": null, "passenger8_name": null, "passenger8_second_name": null, "passenger8_passport_type": null, "passenger8_passport_info": null, "passenger9_name": null, "passenger9_second_name": null, "passenger9_passport_type": null, "passenger9_passport_info": null, "total_price": "45.00", "status": "new", "payment_type": "card", "created_at": "2021-03-15T08:57:05.029Z"}}, {"model": "main.order", "pk": 29, "fields": {"journey": 9, "phone": "380993080701", "email": "test@test.com", "passenger1_name": "Влад", "passenger1_second_name": "Карпенко", "passenger1_passport_type": "EU", "passenger1_passport_info": "123654ыф", "passenger2_name": null, "passenger2_second_name": null, "passenger2_passport_type": null, "passenger2_passport_info": null, "passenger3_name": null, "passenger3_second_name": null, "passenger3_passport_type": null, "passenger3_passport_info": null, "passenger4_name": null, "passenger4_second_name": null, "passenger4_passport_type": null, "passenger4_passport_info": null, "passenger5_name": null, "passenger5_second_name": null, "passenger5_passport_type": null, "passenger5_passport_info": null, "passenger6_name": null, "passenger6_second_name": null, "passenger6_passport_type": null, "passenger6_passport_info": null, "passenger7_name": null, "passenger7_second_name": null, "passenger7_passport_type": null, "passenger7_passport_info": null, "passenger8_name": null, "passenger8_second_name": null, "passenger8_passport_type": null, "passenger8_passport_info": null, "passenger9_name": null, "passenger9_second_name": null, "passenger9_passport_type": null, "passenger9_passport_info": null, "total_price": "250.00", "status": "new", "payment_type": "terminal", "created_at": "2021-03-15T09:00:21.741Z"}}, {"model": "main.order", "pk": 30, "fields": {"journey": 9, "phone": "6545645", "email": "sad@asd.asd", "passenger1_name": "asd", "passenger1_second_name": "asd", "passenger1_passport_type": "EU", "passenger1_passport_info": "ads12", "passenger2_name": null, "passenger2_second_name": null, "passenger2_passport_type": null, "passenger2_passport_info": null, "passenger3_name": null, "passenger3_second_name": null, "passenger3_passport_type": null, "passenger3_passport_info": null, "passenger4_name": null, "passenger4_second_name": null, "passenger4_passport_type": null, "passenger4_passport_info": null, "passenger5_name": null, "passenger5_second_name": null, "passenger5_passport_type": null, "passenger5_passport_info": null, "passenger6_name": null, "passenger6_second_name": null, "passenger6_passport_type": null, "passenger6_passport_info": null, "passenger7_name": null, "passenger7_second_name": null, "passenger7_passport_type": null, "passenger7_passport_info": null, "passenger8_name": null, "passenger8_second_name": null, "passenger8_passport_type": null, "passenger8_passport_info": null, "passenger9_name": null, "passenger9_second_name": null, "passenger9_passport_type": null, "passenger9_passport_info": null, "total_price": "250.00", "status": "new", "payment_type": "card", "created_at": "2021-03-15T09:05:41.403Z"}}, {"model": "main.order", "pk": 31, "fields": {"journey": 9, "phone": "5646565", "email": "asdsad@asd.ads", "passenger1_name": "askldj'l;", "passenger1_second_name": "kasld;,", "passenger1_passport_type": "EU", "passenger1_passport_info": "342asd", "passenger2_name": null, "passenger2_second_name": null, "passenger2_passport_type": null, "passenger2_passport_info": null, "passenger3_name": null, "passenger3_second_name": null, "passenger3_passport_type": null, "passenger3_passport_info": null, "passenger4_name": null, "passenger4_second_name": null, "passenger4_passport_type": null, "passenger4_passport_info": null, "passenger5_name": null, "passenger5_second_name": null, "passenger5_passport_type": null, "passenger5_passport_info": null, "passenger6_name": null, "passenger6_second_name": null, "passenger6_passport_type": null, "passenger6_passport_info": null, "passenger7_name": null, "passenger7_second_name": null, "passenger7_passport_type": null, "passenger7_passport_info": null, "passenger8_name": null, "passenger8_second_name": null, "passenger8_passport_type": null, "passenger8_passport_info": null, "passenger9_name": null, "passenger9_second_name": null, "passenger9_passport_type": null, "passenger9_passport_info": null, "total_price": "250.00", "status": "new", "payment_type": "terminal", "created_at": "2021-03-15T09:07:17.081Z"}}, {"model": "main.order", "pk": 32, "fields": {"journey": 9, "phone": "5646565", "email": "asdsad@asd.ads", "passenger1_name": "askldj'l;", "passenger1_second_name": "kasld;,", "passenger1_passport_type": "EU", "passenger1_passport_info": "342asd", "passenger2_name": null, "passenger2_second_name": null, "passenger2_passport_type": null, "passenger2_passport_info": null, "passenger3_name": null, "passenger3_second_name": null, "passenger3_passport_type": null, "passenger3_passport_info": null, "passenger4_name": null, "passenger4_second_name": null, "passenger4_passport_type": null, "passenger4_passport_info": null, "passenger5_name": null, "passenger5_second_name": null, "passenger5_passport_type": null, "passenger5_passport_info": null, "passenger6_name": null, "passenger6_second_name": null, "passenger6_passport_type": null, "passenger6_passport_info": null, "passenger7_name": null, "passenger7_second_name": null, "passenger7_passport_type": null, "passenger7_passport_info": null, "passenger8_name": null, "passenger8_second_name": null, "passenger8_passport_type": null, "passenger8_passport_info": null, "passenger9_name": null, "passenger9_second_name": null, "passenger9_passport_type": null, "passenger9_passport_info": null, "total_price": "250.00", "status": "new", "payment_type": "terminal", "created_at": "2021-03-15T09:07:50.810Z"}}, {"model": "main.order", "pk": 33, "fields": {"journey": 9, "phone": "5546456", "email": "test@ksad.asd", "passenger1_name": "asd;lk", "passenger1_second_name": "asd", "passenger1_passport_type": "EU", "passenger1_passport_info": "sadasdads56654", "passenger2_name": null, "passenger2_second_name": null, "passenger2_passport_type": null, "passenger2_passport_info": null, "passenger3_name": null, "passenger3_second_name": null, "passenger3_passport_type": null, "passenger3_passport_info": null, "passenger4_name": null, "passenger4_second_name": null, "passenger4_passport_type": null, "passenger4_passport_info": null, "passenger5_name": null, "passenger5_second_name": null, "passenger5_passport_type": null, "passenger5_passport_info": null, "passenger6_name": null, "passenger6_second_name": null, "passenger6_passport_type": null, "passenger6_passport_info": null, "passenger7_name": null, "passenger7_second_name": null, "passenger7_passport_type": null, "passenger7_passport_info": null, "passenger8_name": null, "passenger8_second_name": null, "passenger8_passport_type": null, "passenger8_passport_info": null, "passenger9_name": null, "passenger9_second_name": null, "passenger9_passport_type": null, "passenger9_passport_info": null, "total_price": "250.00", "status": "new", "payment_type": "card", "created_at": "2021-03-15T09:08:20.683Z"}}]